{"cells":[{"name":{"_data_":"ACsim","_wellknowntype_":"string"},"views":[{"name":{"_data_":"schematic","_wellknowntype_":"string"},"references":{"cells":[],"externalFiles":[],"libraries":[],"libraryFiles":[],"pcbVias":[],"views":[{"_data_":"Learn_ADS_lib:BJT:symbol","_wellknowntype_":"string"},{"_data_":"ads_datacmps:VAR:symbol","_wellknowntype_":"string"},{"_data_":"ads_rflib:DC_Block:symbol","_wellknowntype_":"string"},{"_data_":"ads_rflib:GROUND:symbol","_wellknowntype_":"string"},{"_data_":"ads_rflib:R:symbol","_wellknowntype_":"string"},{"_data_":"ads_simulation:AC:symbol","_wellknowntype_":"string"},{"_data_":"ads_simulation:DC:symbol","_wellknowntype_":"string"},{"_data_":"ads_simulation:DisplayTemplate:symbol","_wellknowntype_":"string"},{"_data_":"ads_simulation:ParamSweep:symbol","_wellknowntype_":"string"},{"_data_":"ads_sources:V_AC:symbol","_wellknowntype_":"string"},{"_data_":"ads_sources:V_DC:symbol","_wellknowntype_":"string"}]},"timestamp":[{"file":{"_data_":".","_wellknowntype_":"string"},"time":{"_data_":1705996209456,"_wellknowntype_":"int64"}},{"file":{"_data_":"master.tag","_wellknowntype_":"string"},"time":{"_data_":1704886813455,"_wellknowntype_":"int64"}},{"file":{"_data_":"sch.oa","_wellknowntype_":"string"},"time":{"_data_":1704905429205,"_wellknowntype_":"int64"}}]}]},{"name":{"_data_":"Amplifier","_wellknowntype_":"string"},"views":[{"name":{"_data_":"schematic","_wellknowntype_":"string"},"references":{"cells":[],"externalFiles":[],"libraries":[],"libraryFiles":[],"pcbVias":[],"views":[{"_data_":"Learn_ADS_lib:BJT:symbol","_wellknowntype_":"string"},{"_data_":"ads_datacmps:VAR:symbol","_wellknowntype_":"string"},{"_data_":"ads_rflib:GROUND:symbol","_wellknowntype_":"string"},{"_data_":"ads_rflib:I_Probe:symbol","_wellknowntype_":"string"},{"_data_":"ads_simulation:DC:symbol","_wellknowntype_":"string"},{"_data_":"ads_simulation:DisplayTemplate:symbol","_wellknowntype_":"string"},{"_data_":"ads_sources:I_DC:symbol","_wellknowntype_":"string"},{"_data_":"ads_sources:V_DC:symbol","_wellknowntype_":"string"}]},"timestamp":[{"file":{"_data_":".","_wellknowntype_":"string"},"time":{"_data_":1704886777399,"_wellknowntype_":"int64"}},{"file":{"_data_":"master.tag","_wellknowntype_":"string"},"time":{"_data_":1704528702963,"_wellknowntype_":"int64"}},{"file":{"_data_":"sch.oa","_wellknowntype_":"string"},"time":{"_data_":1704730778981,"_wellknowntype_":"int64"}}]}]},{"name":{"_data_":"BJT","_wellknowntype_":"string"},"views":[{"name":{"_data_":"schematic","_wellknowntype_":"string"},"references":{"cells":[],"externalFiles":[],"libraries":[],"libraryFiles":[],"pcbVias":[],"views":[{"_data_":"ads_rflib:BJT_Model:symbol","_wellknowntype_":"string"},{"_data_":"ads_rflib:BJT_NPN:symbol","_wellknowntype_":"string"},{"_data_":"ads_rflib:C:symbol","_wellknowntype_":"string"},{"_data_":"ads_rflib:L:symbol","_wellknowntype_":"string"}]},"timestamp":[{"file":{"_data_":".","_wellknowntype_":"string"},"time":{"_data_":1704629057421,"_wellknowntype_":"int64"}},{"file":{"_data_":"master.tag","_wellknowntype_":"string"},"time":{"_data_":1704537265670,"_wellknowntype_":"int64"}},{"file":{"_data_":"sch.oa","_wellknowntype_":"string"},"time":{"_data_":1704537606571,"_wellknowntype_":"int64"}}]},{"name":{"_data_":"symbol","_wellknowntype_":"string"},"references":{"cells":[],"externalFiles":[],"libraries":[],"libraryFiles":[],"pcbVias":[],"views":[]},"timestamp":[{"file":{"_data_":".","_wellknowntype_":"string"},"time":{"_data_":1704537618659,"_wellknowntype_":"int64"}},{"file":{"_data_":"master.tag","_wellknowntype_":"string"},"time":{"_data_":1704537265698,"_wellknowntype_":"int64"}},{"file":{"_data_":"named.views","_wellknowntype_":"string"},"time":{"_data_":1704537265713,"_wellknowntype_":"int64"}},{"file":{"_data_":"symbol.oa","_wellknowntype_":"string"},"time":{"_data_":1704537604010,"_wellknowntype_":"int64"}}]}]},{"name":{"_data_":"HB_2tone","_wellknowntype_":"string"},"views":[{"name":{"_data_":"schematic","_wellknowntype_":"string"},"references":{"cells":[],"externalFiles":[],"libraries":[],"libraryFiles":[],"pcbVias":[],"views":[{"_data_":"Learn_ADS_lib:BJT:symbol","_wellknowntype_":"string"},{"_data_":"ads_datacmps:VAR:symbol","_wellknowntype_":"string"},{"_data_":"ads_rflib:C:symbol","_wellknowntype_":"string"},{"_data_":"ads_rflib:GROUND:symbol","_wellknowntype_":"string"},{"_data_":"ads_rflib:I_Probe:symbol","_wellknowntype_":"string"},{"_data_":"ads_rflib:L:symbol","_wellknowntype_":"string"},{"_data_":"ads_rflib:R:symbol","_wellknowntype_":"string"},{"_data_":"ads_simulation:HarmonicBalance:symbol","_wellknowntype_":"string"},{"_data_":"ads_simulation:IP3out:symbol","_wellknowntype_":"string"},{"_data_":"ads_simulation:MeasEqn:symbol","_wellknowntype_":"string"},{"_data_":"ads_simulation:P_nTone:symbol","_wellknowntype_":"string"},{"_data_":"ads_simulation:Term:symbol","_wellknowntype_":"string"},{"_data_":"ads_sources:V_DC:symbol","_wellknowntype_":"string"}]},"timestamp":[{"file":{"_data_":".","_wellknowntype_":"string"},"time":{"_data_":1706867383393,"_wellknowntype_":"int64"}},{"file":{"_data_":"master.tag","_wellknowntype_":"string"},"time":{"_data_":1706855695155,"_wellknowntype_":"int64"}},{"file":{"_data_":"sch.oa","_wellknowntype_":"string"},"time":{"_data_":1706867383390,"_wellknowntype_":"int64"}},{"file":{"_data_":"sch.oa.cdslck","_wellknowntype_":"string"},"time":{"_data_":1706857985935,"_wellknowntype_":"int64"}}]}]},{"name":{"_data_":"HB_basic","_wellknowntype_":"string"},"views":[{"name":{"_data_":"schematic","_wellknowntype_":"string"},"references":{"cells":[],"externalFiles":[],"libraries":[],"libraryFiles":[],"pcbVias":[],"views":[{"_data_":"Learn_ADS_lib:BJT:symbol","_wellknowntype_":"string"},{"_data_":"ads_datacmps:VAR:symbol","_wellknowntype_":"string"},{"_data_":"ads_rflib:C:symbol","_wellknowntype_":"string"},{"_data_":"ads_rflib:GROUND:symbol","_wellknowntype_":"string"},{"_data_":"ads_rflib:I_Probe:symbol","_wellknowntype_":"string"},{"_data_":"ads_rflib:L:symbol","_wellknowntype_":"string"},{"_data_":"ads_rflib:R:symbol","_wellknowntype_":"string"},{"_data_":"ads_simulation:HarmonicBalance:symbol","_wellknowntype_":"string"},{"_data_":"ads_simulation:MeasEqn:symbol","_wellknowntype_":"string"},{"_data_":"ads_simulation:P_1Tone:symbol","_wellknowntype_":"string"},{"_data_":"ads_simulation:Term:symbol","_wellknowntype_":"string"},{"_data_":"ads_sources:V_DC:symbol","_wellknowntype_":"string"}]},"timestamp":[{"file":{"_data_":".","_wellknowntype_":"string"},"time":{"_data_":1706856930208,"_wellknowntype_":"int64"}},{"file":{"_data_":"master.tag","_wellknowntype_":"string"},"time":{"_data_":1706617059869,"_wellknowntype_":"int64"}},{"file":{"_data_":"sch.oa","_wellknowntype_":"string"},"time":{"_data_":1706854209507,"_wellknowntype_":"int64"}}]}]},{"name":{"_data_":"HB_toi","_wellknowntype_":"string"},"views":[]},{"name":{"_data_":"LC_Filter","_wellknowntype_":"string"},"views":[{"name":{"_data_":"schematic","_wellknowntype_":"string"},"references":{"cells":[],"externalFiles":[],"libraries":[],"libraryFiles":[],"pcbVias":[],"views":[{"_data_":"ads_rflib:C:symbol","_wellknowntype_":"string"},{"_data_":"ads_rflib:GROUND:symbol","_wellknowntype_":"string"},{"_data_":"ads_rflib:L:symbol","_wellknowntype_":"string"},{"_data_":"ads_simulation:S_Param:symbol","_wellknowntype_":"string"},{"_data_":"ads_simulation:Term:symbol","_wellknowntype_":"string"}]},"timestamp":[{"file":{"_data_":".","_wellknowntype_":"string"},"time":{"_data_":1706854235857,"_wellknowntype_":"int64"}},{"file":{"_data_":"master.tag","_wellknowntype_":"string"},"time":{"_data_":1704011218551,"_wellknowntype_":"int64"}},{"file":{"_data_":"sch.oa","_wellknowntype_":"string"},"time":{"_data_":1704012210238,"_wellknowntype_":"int64"}}]}]},{"name":{"_data_":"RF_System","_wellknowntype_":"string"},"views":[{"name":{"_data_":"schematic","_wellknowntype_":"string"},"references":{"cells":[],"externalFiles":[],"libraries":[],"libraryFiles":[],"pcbVias":[],"views":[{"_data_":"ads_behavioral:Amplifier2:symbol","_wellknowntype_":"string"},{"_data_":"ads_behavioral:BPF_Butterworth:symbol","_wellknowntype_":"string"},{"_data_":"ads_behavioral:LPF_Bessel:symbol","_wellknowntype_":"string"},{"_data_":"ads_behavioral:Mixer:symbol","_wellknowntype_":"string"},{"_data_":"ads_rflib:GROUND:symbol","_wellknowntype_":"string"},{"_data_":"ads_rflib:R:symbol","_wellknowntype_":"string"},{"_data_":"ads_simulation:S_Param:symbol","_wellknowntype_":"string"},{"_data_":"ads_simulation:Term:symbol","_wellknowntype_":"string"},{"_data_":"ads_sources:V_1Tone:symbol","_wellknowntype_":"string"}]},"timestamp":[{"file":{"_data_":".","_wellknowntype_":"string"},"time":{"_data_":1704473030342,"_wellknowntype_":"int64"}},{"file":{"_data_":"master.tag","_wellknowntype_":"string"},"time":{"_data_":1704012204879,"_wellknowntype_":"int64"}},{"file":{"_data_":"sch.oa","_wellknowntype_":"string"},"time":{"_data_":1704024016952,"_wellknowntype_":"int64"}}]},{"name":{"_data_":"system_phase_noise","_wellknowntype_":"string"},"references":{"cells":[],"externalFiles":[{"_data_":"system_20dB.ds","_wellknowntype_":"string"}],"libraries":[],"libraryFiles":[],"pcbVias":[],"views":[{"_data_":"ads_behavioral:Amplifier2:symbol","_wellknowntype_":"string"},{"_data_":"ads_behavioral:BPF_Butterworth:symbol","_wellknowntype_":"string"},{"_data_":"ads_behavioral:LPF_Bessel:symbol","_wellknowntype_":"string"},{"_data_":"ads_behavioral:Mixer:symbol","_wellknowntype_":"string"},{"_data_":"ads_rflib:GROUND:symbol","_wellknowntype_":"string"},{"_data_":"ads_simulation:HarmonicBalance:symbol","_wellknowntype_":"string"},{"_data_":"ads_simulation:NoiseCon:symbol","_wellknowntype_":"string"},{"_data_":"ads_simulation:Term:symbol","_wellknowntype_":"string"},{"_data_":"ads_sources:OSCwPhNoise:symbol","_wellknowntype_":"string"},{"_data_":"ads_sources:P_1Tone:symbol","_wellknowntype_":"string"}]},"timestamp":[{"file":{"_data_":".","_wellknowntype_":"string"},"time":{"_data_":1704474051583,"_wellknowntype_":"int64"}},{"file":{"_data_":"master.tag","_wellknowntype_":"string"},"time":{"_data_":1704025013138,"_wellknowntype_":"int64"}},{"file":{"_data_":"sch.oa","_wellknowntype_":"string"},"time":{"_data_":1704474051557,"_wellknowntype_":"int64"}}]}]},{"name":{"_data_":"SP_circles","_wellknowntype_":"string"},"views":[{"name":{"_data_":"schematic","_wellknowntype_":"string"},"references":{"cells":[],"externalFiles":[],"libraries":[],"libraryFiles":[],"pcbVias":[],"views":[{"_data_":"Learn_ADS_lib:BJT:symbol","_wellknowntype_":"string"},{"_data_":"ads_datacmps:VAR:symbol","_wellknowntype_":"string"},{"_data_":"ads_rflib:C:symbol","_wellknowntype_":"string"},{"_data_":"ads_rflib:GROUND:symbol","_wellknowntype_":"string"},{"_data_":"ads_rflib:L:symbol","_wellknowntype_":"string"},{"_data_":"ads_rflib:R:symbol","_wellknowntype_":"string"},{"_data_":"ads_simulation:GaCircle:symbol","_wellknowntype_":"string"},{"_data_":"ads_simulation:Goal:symbol","_wellknowntype_":"string"},{"_data_":"ads_simulation:Mu:symbol","_wellknowntype_":"string"},{"_data_":"ads_simulation:MuPrime:symbol","_wellknowntype_":"string"},{"_data_":"ads_simulation:NsCircle:symbol","_wellknowntype_":"string"},{"_data_":"ads_simulation:Optim:symbol","_wellknowntype_":"string"},{"_data_":"ads_simulation:Options:symbol","_wellknowntype_":"string"},{"_data_":"ads_simulation:S_Param:symbol","_wellknowntype_":"string"},{"_data_":"ads_simulation:Term:symbol","_wellknowntype_":"string"},{"_data_":"ads_sources:V_DC:symbol","_wellknowntype_":"string"}]},"timestamp":[{"file":{"_data_":".","_wellknowntype_":"string"},"time":{"_data_":1706367239435,"_wellknowntype_":"int64"}},{"file":{"_data_":"master.tag","_wellknowntype_":"string"},"time":{"_data_":1706176967870,"_wellknowntype_":"int64"}},{"file":{"_data_":"sch.oa","_wellknowntype_":"string"},"time":{"_data_":1706367239433,"_wellknowntype_":"int64"}}]}]},{"name":{"_data_":"SP_opt","_wellknowntype_":"string"},"views":[{"name":{"_data_":"schematic","_wellknowntype_":"string"},"references":{"cells":[],"externalFiles":[],"libraries":[],"libraryFiles":[],"pcbVias":[],"views":[{"_data_":"Learn_ADS_lib:BJT:symbol","_wellknowntype_":"string"},{"_data_":"ads_datacmps:VAR:symbol","_wellknowntype_":"string"},{"_data_":"ads_rflib:C:symbol","_wellknowntype_":"string"},{"_data_":"ads_rflib:GROUND:symbol","_wellknowntype_":"string"},{"_data_":"ads_rflib:L:symbol","_wellknowntype_":"string"},{"_data_":"ads_rflib:R:symbol","_wellknowntype_":"string"},{"_data_":"ads_simulation:Goal:symbol","_wellknowntype_":"string"},{"_data_":"ads_simulation:Optim:symbol","_wellknowntype_":"string"},{"_data_":"ads_simulation:S_Param:symbol","_wellknowntype_":"string"},{"_data_":"ads_simulation:Term:symbol","_wellknowntype_":"string"},{"_data_":"ads_sources:V_DC:symbol","_wellknowntype_":"string"}]},"timestamp":[{"file":{"_data_":".","_wellknowntype_":"string"},"time":{"_data_":1706857908871,"_wellknowntype_":"int64"}},{"file":{"_data_":"master.tag","_wellknowntype_":"string"},"time":{"_data_":1706001800815,"_wellknowntype_":"int64"}},{"file":{"_data_":"sch.oa","_wellknowntype_":"string"},"time":{"_data_":1706366422897,"_wellknowntype_":"int64"}},{"file":{"_data_":"sch.oa.cdslck","_wellknowntype_":"string"},"time":{"_data_":1706857908871,"_wellknowntype_":"int64"}}]}]},{"name":{"_data_":"SP_simulation","_wellknowntype_":"string"},"views":[{"name":{"_data_":"schematic","_wellknowntype_":"string"},"references":{"cells":[],"externalFiles":[],"libraries":[],"libraryFiles":[],"pcbVias":[],"views":[{"_data_":"Learn_ADS_lib:BJT:symbol","_wellknowntype_":"string"},{"_data_":"ads_datacmps:VAR:symbol","_wellknowntype_":"string"},{"_data_":"ads_rflib:C:symbol","_wellknowntype_":"string"},{"_data_":"ads_rflib:GROUND:symbol","_wellknowntype_":"string"},{"_data_":"ads_rflib:L:symbol","_wellknowntype_":"string"},{"_data_":"ads_rflib:R:symbol","_wellknowntype_":"string"},{"_data_":"ads_simulation:S_Param:symbol","_wellknowntype_":"string"},{"_data_":"ads_simulation:Term:symbol","_wellknowntype_":"string"},{"_data_":"ads_sources:V_DC:symbol","_wellknowntype_":"string"}]},"timestamp":[{"file":{"_data_":".","_wellknowntype_":"string"},"time":{"_data_":1706367254160,"_wellknowntype_":"int64"}},{"file":{"_data_":"master.tag","_wellknowntype_":"string"},"time":{"_data_":1705996209405,"_wellknowntype_":"int64"}},{"file":{"_data_":"sch.oa","_wellknowntype_":"string"},"time":{"_data_":1706001782385,"_wellknowntype_":"int64"}}]}]},{"name":{"_data_":"biasnetwork","_wellknowntype_":"string"},"views":[{"name":{"_data_":"schematic","_wellknowntype_":"string"},"references":{"cells":[],"externalFiles":[{"_data_":"biasnetwork.dds","_wellknowntype_":"string"},{"_data_":"biasnetwork.ds","_wellknowntype_":"string"}],"libraries":[],"libraryFiles":[],"pcbVias":[],"views":[{"_data_":"Learn_ADS_lib:BJT:symbol","_wellknowntype_":"string"},{"_data_":"ads_datacmps:VAR:symbol","_wellknowntype_":"string"},{"_data_":"ads_rflib:GROUND:symbol","_wellknowntype_":"string"},{"_data_":"ads_rflib:R:symbol","_wellknowntype_":"string"},{"_data_":"ads_simulation:DC:symbol","_wellknowntype_":"string"},{"_data_":"ads_simulation:DisplayTemplate:symbol","_wellknowntype_":"string"},{"_data_":"ads_sources:V_DC:symbol","_wellknowntype_":"string"}]},"timestamp":[{"file":{"_data_":".","_wellknowntype_":"string"},"time":{"_data_":1706854225356,"_wellknowntype_":"int64"}},{"file":{"_data_":"master.tag","_wellknowntype_":"string"},"time":{"_data_":1704731293471,"_wellknowntype_":"int64"}},{"file":{"_data_":"sch.oa","_wellknowntype_":"string"},"time":{"_data_":1704732480266,"_wellknowntype_":"int64"}}]}]},{"name":{"_data_":"s2p_test","_wellknowntype_":"string"},"views":[{"name":{"_data_":"schematic","_wellknowntype_":"string"},"references":{"cells":[],"externalFiles":[{"_data_":"my_file.s2p","_wellknowntype_":"string"}],"libraries":[],"libraryFiles":[],"pcbVias":[],"views":[{"_data_":"ads_datacmps:SnP:symbol","_wellknowntype_":"string"},{"_data_":"ads_rflib:GROUND:symbol","_wellknowntype_":"string"},{"_data_":"ads_simulation:S_Param:symbol","_wellknowntype_":"string"},{"_data_":"ads_simulation:Term:symbol","_wellknowntype_":"string"}]},"timestamp":[{"file":{"_data_":".","_wellknowntype_":"string"},"time":{"_data_":1706367773465,"_wellknowntype_":"int64"}},{"file":{"_data_":"master.tag","_wellknowntype_":"string"},"time":{"_data_":1706367637833,"_wellknowntype_":"int64"}},{"file":{"_data_":"sch.oa","_wellknowntype_":"string"},"time":{"_data_":1706367772583,"_wellknowntype_":"int64"}}]}]}],"name":{"_data_":"Learn_ADS_lib","_wellknowntype_":"string"},"version":{"_data_":1.0,"_wellknowntype_":"double"}}