{"cells":[{"name":{"_data_":"Wilkinson","_wellknowntype_":"string"},"views":[{"name":{"_data_":"emSetup","_wellknowntype_":"string"},"references":{"cells":[],"externalFiles":[],"libraries":[],"libraryFiles":[{"_data_":"Power_Divider_lib:Sub_FR4_TwoLayer.subst","_wellknowntype_":"string"}],"pcbVias":[],"views":[{"_data_":"Power_Divider_lib:Wilkinson:layout","_wellknowntype_":"string"}]},"timestamp":[{"file":{"_data_":".","_wellknowntype_":"string"},"time":{"_data_":1707291757401,"_wellknowntype_":"int64"}},{"file":{"_data_":"eesof_em_setup.file","_wellknowntype_":"string"},"time":{"_data_":1707291757394,"_wellknowntype_":"int64"}},{"file":{"_data_":"emStateFile.xml","_wellknowntype_":"string"},"time":{"_data_":1707292787293,"_wellknowntype_":"int64"}},{"file":{"_data_":"master.tag","_wellknowntype_":"string"},"time":{"_data_":1707291757393,"_wellknowntype_":"int64"}}]}]}],"name":{"_data_":"Power_Divider_lib","_wellknowntype_":"string"},"version":{"_data_":1.0,"_wellknowntype_":"double"}}