<?xml version="1.0" encoding="UTF-8"?>
<DCOPData Simulator="hpeesofsim" Time="Mon Mar 4 17:56:29 2024" Version="1.0">
 <Controller name="Tran1">
  <SweepCondition>
   <P>time: 0.0000000000000000e+00</P>
  </SweepCondition>
  <DC_OPDeclaration/>
  <DC_Voltages>
   <V>0: 0.0000000000000000e+00</V>
   <V>N__0: 0.0000000000000000e+00</V>
   <V>Vload: 0.0000000000000000e+00</V>
   <GV>0: 0.0000000000000000e+00</GV>
  </DC_Voltages>
  <DC_PinCurrents>
   <I>R1: 0.0000000000000000e+00, 0.0000000000000000e+00</I>
   <I>SRC1: 0.0000000000000000e+00, 0.0000000000000000e+00</I>
   <I>TL1: 0.0000000000000000e+00, 0.0000000000000000e+00</I>
  </DC_PinCurrents>
  <DC_OPInstances/>
 </Controller>
</DCOPData>
